Year,TSU,EQ,Name,Country,Latitude,Longitude,Elevation,Type,Status,TOTAL_DEATHS,VEI,,
-4360,,,Macauley Island,New Zealand,-30.2,-178.47,238,Caldera,Holocene,,6,,
-4350,,,Kikai,Japan,30.78,130.28,717,Caldera,Historical,,7,,
-4050,,,Masaya,Nicaragua,11.984,-86.161,635,Caldera,Historical,,6,,
-4000,,,Pago,Papua New Guinea,-5.58,150.52,742,Caldera,Historical,,6,,
-3580,,,Taal,Philippines,14.002,120.993,400,Stratovolcano,Historical,,6,,
-3550,,,Pinatubo,Philippines,15.13,120.35,1486,Stratovolcano,Historical,,6,,
-2420,,,Vesuvius,Italy,40.821,14.426,1281,Complex volcano,Historical,,5,,
-2040,,,Long Island,Papua New Guinea,-5.358,147.12,1280,Complex volcano,Historical,,6,,
-1900,,,Black Peak,United States,56.53,-158.8,1032,Stratovolcano,Radiocarbon,,6,,
-1860,,,St. Helens,United States,46.2,-122.18,2549,Stratovolcano,Historical,,6,,
-1750,,,Veniaminof,United States,56.17,-159.38,2507,Stratovolcano,Historical,,6,,
-1645,,,Aniakchak,United States,56.88,-158.17,1341,Caldera,Historical,,6,,
-1610,TSU,EQ,Santorini,Greece,36.404,25.396,329,Shield volcano,Historical,,6,,
-1550,TSU,,Redoubt,United States,60.48,-152.75,3108,Stratovolcano,Historical,,,,
-1460,,,Taupo,New Zealand,-38.82,176,760,Caldera,Radiocarbon,,6,,
-1370,,,Pago,Papua New Guinea,-5.58,150.52,742,Caldera,Historical,,6,,
-1050,,,Pinatubo,Philippines,15.13,120.35,1486,Stratovolcano,Historical,,6,,
-1010,,,Tungurahua,Ecuador,-1.467,-78.442,5023,Stratovolcano,Historical,,5,,
-455,,,Cotopaxi,Ecuador,-.677,-78.436,5911,Stratovolcano,Historical,,4,,
-250,,,Raoul Island,New Zealand,-29.27,-177.92,516,Stratovolcano,Historical,,6,,
-197,TSU,,Santorini,Greece,36.404,25.396,329,Shield volcano,Historical,,3,,
-150,,,St. Andrew Strait,Papua New Guinea,-2.38,147.35,270,Complex volcano,Historical,,,,
-141,,,Etna,Italy,37.734,15.004,3350,Stratovolcano,Historical,40,,,
-100,,,Okmok,United States,53.42,-168.13,1073,Shield volcano,Historical,,6,,
-50,,,Apoyeque,Nicaragua,12.242,-86.342,518,Pyroclastic shield,Radiocarbon,,6,,
46,TSU,,Santorini,Greece,36.404,25.396,329,Shield volcano,Historical,,3,,
50,,,Ambrym,Vanuatu,-16.25,168.12,1334,Pyroclastic shield,Historical,,6,,
60,,,Bona-Churchill,United States,61.38,-141.75,5005,Stratovolcano,Radiocarbon,,6,,
79,,,Vesuvius,Italy,40.821,14.426,1281,Complex volcano,Historical,2100,5,,
200,,,Arhab,Yemen,15.63,44.08,3100,Volcanic field,Historical,,,,
230,,,Taupo,New Zealand,-38.82,176,760,Caldera,Radiocarbon,,6,,
240,,,Ksudach,Russia,51.8,157.53,1079,Stratovolcano,Historical,,6,,
350,TSU,,Augustine,United States,59.37,-153.42,1252,Lava dome,Historical,,,,
416,TSU,,Krakatau,Indonesia,-6.102,105.423,813,Caldera,Historical,,,,
450,,,Ilopango,El Salvador,13.672,-89.053,450,Caldera,Historical,30000,6,,
500,,,Arhab,Yemen,15.63,44.08,3100,Volcanic field,Historical,,,,
540,,,Rabaul,Papua New Guinea,-4.271,152.203,688,Pyroclastic shield,Historical,,6,,
590,,,San Salvador,El Salvador,13.736,-89.286,1893,Stratovolcano,Historical,,,,
640,,,Uwayrid,Saudi Arabia,27.08,37.25,1900,Volcanic field,Anthropology,,,,2
710,,,Pago,Papua New Guinea,-5.58,150.52,742,Caldera,Historical,,6,,
764,,,Sakura-jima,Japan,31.58,130.67,1117,Stratovolcano,Historical,80,4,,
766,TSU,EQ,Sakura-jima,Japan,31.58,130.67,1117,Stratovolcano,Historical,,3,,
787,,,Vesuvius,Italy,40.821,14.426,1281,Complex volcano,Historical,,3,,
800,,,Bona-Churchill,United States,61.38,-141.75,5005,Stratovolcano,Radiocarbon,,6,,
800,,,Dakataua,Papua New Guinea,-5.056,150.108,400,Caldera,Anthropology,,6,,
920,,,Katla,Iceland,63.63,-19.05,1512,Subglacial volcano,Historical,,4,,
930,,,Ceboruco,Mexico,21.125,-104.508,2280,Stratovolcano,Historical,,6,,
934,,,Katla,Iceland,63.63,-19.05,1512,Subglacial volcano,Historical,,4,,
950,,,Katla,Iceland,63.63,-19.05,1512,Subglacial volcano,Historical,,,,
1000,,,Changbaishan,North Korea,41.98,128.08,2744,Stratovolcano,Historical,,7,,
1050,TSU,,Santorini,Greece,36.404,25.396,329,Shield volcano,Historical,,,,
1104,,,Hekla,Iceland,63.98,-19.7,1491,Stratovolcano,Historical,,5,,
1151,,,Krisuvik,Iceland,63.93,-22.1,379,Crater rows,Historical,,1,,
1158,,,Hekla,Iceland,63.98,-19.7,1491,Stratovolcano,Historical,,4,,
1169,TSU,EQ,Etna,Italy,37.734,15.004,3350,Stratovolcano,Historical,16000,,,
1169,TSU,,Etna,Italy,37.734,15.004,3350,Stratovolcano,Historical,,,,
1177,,,Katla,Iceland,63.63,-19.05,1512,Subglacial volcano,Historical,,3,,
1206,,,Hekla,Iceland,63.98,-19.7,1491,Stratovolcano,Historical,,2,,
1250,,,Fentale,Ethiopia,8.975,39.93,2007,Stratovolcano,Historical,,,,
1262,,,Katla,Iceland,63.63,-19.05,1512,Subglacial volcano,Historical,,3,,
1280,,,Quilotoa,Ecuador,-.85,-78.9,3914,Caldera,Radiocarbon,,6,,
1300,,,Hekla,Iceland,63.98,-19.7,1491,Stratovolcano,Historical,600,4,,
1302,,,Ischia,Italy,40.73,13.897,789,Complex volcano,Historical,,,,
1311,,,Katla,Iceland,63.63,-19.05,1512,Subglacial volcano,Historical,,4,,
1311,,,Kelut,Indonesia,-7.93,112.308,1731,Stratovolcano,Historical,,3,,
1329,TSU,,Etna,Italy,37.734,15.004,3350,Stratovolcano,Historical,,3,,
1329,,,Etna,Italy,37.734,15.004,3350,Stratovolcano,Historical,,1,,
1331,,,Aso,Japan,32.88,131.1,1592,Caldera,Historical,,2,,
1334,,,Kelut,Indonesia,-7.93,112.308,1731,Stratovolcano,Historical,,3,,
1341,,,Hekla,Iceland,63.98,-19.7,1491,Stratovolcano,Historical,,3,,
1357,,,Katla,Iceland,63.63,-19.05,1512,Subglacial volcano,Historical,,4,,
1362,,,Oraefajokull,Iceland,64,-16.65,2119,Stratovolcano,Historical,220,5,,
1375,,,Chichon,Mexico,17.36,-93.228,1150,Tuff cone,Historical,,5,,
1376,,,Kelut,Indonesia,-7.93,112.308,1731,Stratovolcano,Historical,,3,,
1385,,,Kelut,Indonesia,-7.93,112.308,1731,Stratovolcano,Historical,,3,,
1389,,,Hekla,Iceland,63.98,-19.7,1491,Stratovolcano,Historical,,3,,
1410,,,Nasu,Japan,37.12,139.97,1917,Stratovolcano,Historical,180,3,,
1452,,,Kuwae,Vanuatu,-16.829,168.536,-2,Caldera,Historical,,6,,
1471,,,Sakura-jima,Japan,31.58,130.67,1117,Stratovolcano,Historical,,5,,
1477,,,Bardarbunga,Iceland,64.63,-17.53,2000,Stratovolcano,Historical,,6,,
1485,,,Aso,Japan,32.88,131.1,1592,Caldera,Historical,1,2,,
1500,,,Katla,Iceland,63.63,-19.05,1512,Subglacial volcano,Historical,,4,,
1510,,,Hekla,Iceland,63.98,-19.7,1491,Stratovolcano,Historical,1,4,,
1510,,,Hekla,Iceland,63.98,-19.7,1491,Stratovolcano,Historical,,4,,
1536,,,Etna,Italy,37.734,15.004,3350,Stratovolcano,Historical,1,3,,
1538,,,Campi Flegrei,Italy,40.827,14.139,458,Caldera,Historical,24,3,,
1540,TSU,,Augustine,United States,59.37,-153.42,1252,Lava dome,Historical,,4,,
1550,,,Dukono,Indonesia,1.68,127.88,1185,Complex volcano,Historical,,3,,
1564,,,Gamkonora,Indonesia,1.375,127.52,1635,Stratovolcano,Historical,,3,,
1565,,EQ,Pacaya,Guatemala,14.381,-90.601,2552,Complex volcano,Historical,,3,,
1566,,,Kirishima,Japan,31.93,130.87,1700,Shield volcano,Historical,,3,,
1568,,,Savo,Solomon Is.,-9.13,159.82,510,Stratovolcano,Historical,1001,3,,
1570,,,Mombacho,Nicaragua,11.826,-85.968,1344,Stratovolcano,Holocene,400,,,
1576,,,Colima,Mexico,19.514,-103.62,3850,Stratovolcano,Historical,,3,,
1580,,,San Jorge,Portugal,38.65,-28.08,1053,Fissure vent,Historical,10,3,,
1580,,,Katla,Iceland,63.63,-19.05,1512,Subglacial volcano,Historical,,4,,
1580,,,Billy Mitchell,Papua New Guinea,-6.092,155.225,1544,Pyroclastic shield,Radiocarbon,,6,,
1581,,,Fuego,Guatemala,14.473,-90.88,3763,Stratovolcano,Historical,,4,,
1586,,,Kelut,Indonesia,-7.93,112.308,1731,Stratovolcano,Historical,10000,5,,
1587,,,Merapi,Indonesia,-7.542,110.442,2947,Stratovolcano,Historical,,4,,
1590,,,Colima,Mexico,19.514,-103.62,3850,Stratovolcano,Historical,,3,,
1593,,,Raung,Indonesia,-8.125,114.042,3332,Stratovolcano,Historical,,5,,
1595,,,Ruiz,Colombia,4.895,-75.322,5321,Stratovolcano,Historical,636,4,,
1596,,,Asama,Japan,36.4,138.53,2560,Complex volcano,Historical,,2,,
1597,,,Hekla,Iceland,63.98,-19.7,1491,Stratovolcano,Historical,,4,,
1597,,,Raung,Indonesia,-8.125,114.042,3332,Stratovolcano,Historical,,3,,
1598,,,Asama,Japan,36.4,138.53,2560,Complex volcano,Historical,800,2,,
1598,,,Banda Api,Pacific Ocean,-4.525,129.871,640,Caldera,Historical,,3,,
1600,,EQ,Huaynaputina,Peru,-16.608,-70.85,4850,Stratovolcano,Historical,1500,6,,
1606,TSU,,Hachijo-jima,Japan,33.13,139.77,854,Stratovolcano,Historical,,2,,
1608,TSU,,Gamalama,Indonesia,.8,127.325,1715,Stratovolcano,Historical,,3,,
1609,,,Tengchong,China,25.32,98.47,2865,Pyroclastic cone,Historical,,,,
1615,,,Banda Api,Pacific Ocean,-4.525,129.871,640,Caldera,Historical,,3,,
1617,,,Fuego,Guatemala,14.473,-90.88,3763,Stratovolcano,Historical,,3,,
1625,,,Katla,Iceland,63.63,-19.05,1512,Subglacial volcano,Historical,,5,,
1629,,,Grimsvotn,Iceland,64.42,-17.33,1725,Caldera,Historical,4,2,,
1630,,,Furnas,Portugal,37.77,-25.32,805,Stratovolcano,Historical,200,4,,
1631,,EQ,Dama Ali,Ethiopia,11.28,41.63,1068,Shield volcano,Historical,50,,,
1631,TSU,EQ,Vesuvius,Italy,40.821,14.426,1281,Complex volcano,Historical,4000,5,,
1636,,,Hekla,Iceland,63.98,-19.7,1491,Stratovolcano,Historical,,3,,
1638,,,Raung,Indonesia,-8.125,114.042,3332,Stratovolcano,Historical,1001,4,,
1640,TSU,EQ,Komaga-take,Japan,42.07,140.68,1140,Stratovolcano,Historical,700,5,,
1640,,,Tungurahua,Ecuador,-1.467,-78.442,5023,Stratovolcano,Historical,5000,3,,
1646,,,Makian,Indonesia,.32,127.4,1357,Stratovolcano,Historical,,4,,
1650,TSU,,Santorini,Greece,36.404,25.396,329,Shield volcano,Historical,120,4,,
1659,,EQ,San Salvador,El Salvador,13.736,-89.286,1893,Stratovolcano,Historical,,3,,
1659,TSU,,Teon,Pacific Ocean,-6.92,129.125,655,Stratovolcano,Historical,,4,,
1660,,,Teon,Pacific Ocean,-6.92,129.125,655,Stratovolcano,Historical,3,4,,
1660,,,Katla,Iceland,63.63,-19.05,1512,Subglacial volcano,Historical,,4,,
1660,TSU,,Long Island,Papua New Guinea,-5.358,147.12,1280,Complex volcano,Historical,2000,6,,
1663,,,Usu,Japan,42.53,140.83,731,Stratovolcano,Historical,5,5,,
1664,,,Unzen,Japan,32.75,130.3,1500,Complex volcano,Historical,30,2,,
1664,TSU,,Iwo-Tori-shima,Japan,27.85,128.25,217,Complex volcano,Historical,,,,
1669,,EQ,Etna,Italy,37.734,15.004,3350,Stratovolcano,Historical,,3,,
1669,,,Etna,Italy,37.734,15.004,3350,Stratovolcano,Historical,2,3,,
1670,,,Aoba,Vanuatu,-15.4,167.83,1496,Shield volcano,Historical,,2,,
1672,,,Fayal,Portugal,38.6,-28.73,1043,Stratovolcano,Historical,3,2,,
1672,,,Merapi,Indonesia,-7.542,110.442,2947,Stratovolcano,Historical,3000,3,,
1673,TSU,,Gamkonora,Indonesia,1.375,127.52,1635,Stratovolcano,Historical,,5,,
1677,,,La Palma,Spain,28.58,-17.83,2426,Stratovolcano,Historical,1,2,,
1679,,EQ,Zukur,Yemen,14.02,42.75,624,Shield volcano,Holocene,,,,
1682,,,Vesuvius,Italy,40.821,14.426,1281,Complex volcano,Historical,4,3,,
1684,,,Grimsvotn,Iceland,64.42,-17.33,1725,Caldera,Historical,1,2,,
1690,TSU,,Vesuvius,Italy,40.821,14.426,1281,Complex volcano,Historical,,,,
1690,,,Guntur,Indonesia,-7.13,107.83,2249,Complex volcano,Historical,,3,,
1692,,,Serua,Pacific Ocean,-6.3,130,641,Stratovolcano,Historical,,4,,
1693,,EQ,Etna,Italy,37.734,15.004,3350,Stratovolcano,Historical,,,,
1693,TSU,,Hekla,Iceland,63.98,-19.7,1491,Stratovolcano,Historical,,4,,
1694,,,Banda Api,Pacific Ocean,-4.525,129.871,640,Caldera,Historical,,3,,
1698,TSU,,Vesuvius,Italy,40.821,14.426,1281,Complex volcano,Historical,,3,,
1698,,,Cotopaxi,Ecuador,-.677,-78.436,5911,Stratovolcano,Historical,,3,,
1698,,,Cereme,Indonesia,-6.892,108.4,3078,Stratovolcano,Historical,,3,,
1706,TSU,,Tenerife,Spain,28.271,-16.641,3715,Stratovolcano,Historical,,2,,
1707,TSU,,Santorini,Greece,36.404,25.396,329,Shield volcano,Historical,,,,
1707,,EQ,Fuji,Japan,35.35,138.73,3776,Stratovolcano,Historical,,4,,
1711,,,Awu,Indonesia,3.67,125.5,1320,Stratovolcano,Historical,3000,3,,
1712,,,Bardarbunga,Iceland,64.63,-17.53,2000,Stratovolcano,Historical,,2,,
1714,TSU,,Vesuvius,Italy,40.821,14.426,1281,Complex volcano,Historical,,,,
1716,,,Kelut,Indonesia,-7.93,112.308,1731,Stratovolcano,Historical,,2,,
1716,TSU,EQ,Taal,Philippines,14.002,120.993,400,Stratovolcano,Historical,,4,,
1716,,,Bardarbunga,Iceland,64.63,-17.53,2000,Stratovolcano,Historical,,2,,
1716,,,Kirishima,Japan,31.93,130.87,1700,Shield volcano,Historical,1,3,,
1717,,,Kirishima,Japan,31.93,130.87,1700,Shield volcano,Historical,1,3,,
1717,,,Bardarbunga,Iceland,64.63,-17.53,2000,Stratovolcano,Historical,,3,,
1717,,,Fuego,Guatemala,14.473,-90.88,3763,Stratovolcano,Historical,,3,,
1718,,,Pico,Portugal,38.47,-28.4,2351,Stratovolcano,Historical,2,2,,
1721,,,Katla,Iceland,63.63,-19.05,1512,Subglacial volcano,Historical,,5,,
1721,,,Asama,Japan,36.4,138.53,2560,Complex volcano,Historical,15,1,,
1726,,,Bardarbunga,Iceland,64.63,-17.53,2000,Stratovolcano,Historical,,1,,
1727,,,Oraefajokull,Iceland,64,-16.65,2119,Stratovolcano,Historical,3,4,,
1729,,,Bardarbunga,Iceland,64.63,-17.53,2000,Stratovolcano,Historical,,1,,
1729,,,Krafla,Iceland,65.73,-16.78,650,Caldera,Historical,,2,,
1730,,,Lanzarote,Spain,29.03,-13.63,670,Fissure vent,Historical,,2,,
1730,,,Tseax River Cone,Canada,55.12,-128.9,609,Pyroclastic cone,Radiocarbon,,,,
1730,,,Raung,Indonesia,-8.125,114.042,3332,Stratovolcano,Historical,,3,,
1737,,,Vesuvius,Italy,40.821,14.426,1281,Complex volcano,Historical,2,2,,
1741,TSU,,Oshima-Oshima,Japan,41.5,139.37,737,Stratovolcano,Historical,2000,4,,
1742,,,Cotopaxi,Ecuador,-.677,-78.436,5911,Stratovolcano,Historical,,3,,
1742,,,Cotopaxi,Ecuador,-.677,-78.436,5911,Stratovolcano,Historical,,3,,
1749,TSU,EQ,Taal,Philippines,14.002,120.993,400,Stratovolcano,Historical,,3,,
1753,,,Grimsvotn,Iceland,64.42,-17.33,1725,Caldera,Historical,,2,,
1754,TSU,EQ,Taal,Philippines,14.002,120.993,400,Stratovolcano,Historical,12,4,,
1755,,,Katla,Iceland,63.63,-19.05,1512,Subglacial volcano,Historical,2,4,,
1757,,EQ,San Jorge,Portugal,38.65,-28.08,1053,Fissure vent,Historical,1053,0,,
1760,,,Makian,Indonesia,.32,127.4,1357,Stratovolcano,Historical,2000,4,,
1762,,,Kliuchevskoi,Russia,56.057,160.638,4835,Stratovolcano,Historical,,2,,
1766,,,Hekla,Iceland,63.98,-19.7,1491,Stratovolcano,Historical,,4,,
1766,,,Mayon,Philippines,13.257,123.685,2462,Stratovolcano,Historical,49,3,,
1768,,,Cotopaxi,Ecuador,-.677,-78.436,5911,Stratovolcano,Historical,,4,,
1772,TSU,,Gamalama,Indonesia,.8,127.325,1715,Stratovolcano,Historical,35,3,,
1772,,,Papandayan,Indonesia,-7.32,107.73,2665,Stratovolcano,Historical,2957,3,,
1773,,,Gamalama,Indonesia,.8,127.325,1715,Stratovolcano,Historical,,2,,
1775,,,Gamalama,Indonesia,.8,127.325,1715,Stratovolcano,Historical,1300,3,,
1775,,,Lokon-Empung,Indonesia,1.358,124.792,1580,Stratovolcano,Historical,,3,,
1778,,,Raikoke,Russia,48.292,153.25,551,Stratovolcano,Historical,15,4,,
1779,,,Vesuvius,Italy,40.821,14.426,1281,Complex volcano,Historical,,2,,
1779,,,Sakura-jima,Japan,31.58,130.67,1117,Stratovolcano,Historical,153,4,,
1780,,,Sakura-jima,Japan,31.58,130.67,1117,Stratovolcano,Historical,,4,,
1780,,,Aoga-shima,Japan,32.45,139.77,423,Stratovolcano,Historical,7,3,,
1780,TSU,,Sakura-jima,Japan,31.58,130.67,1117,Stratovolcano,Historical,,4,,
1780,TSU,,Sakura-jima,Japan,31.58,130.67,1117,Stratovolcano,Historical,,,,
1781,TSU,,Sakura-jima,Japan,31.58,130.67,1117,Stratovolcano,Historical,38,4,,
1783,,,Asama,Japan,36.4,138.53,2560,Complex volcano,Historical,1491,4,,
1784,,,Grimsvotn,Iceland,64.42,-17.33,1725,Caldera,Historical,9350,4,,
1784,,,Sabancaya,Peru,-15.78,-71.85,5967,Stratovolcano,Historical,,,,
1784,,,Hualalai,United States,19.692,-155.87,2523,Shield volcano,Historical,,0,,
1785,,,Aoga-shima,Japan,32.45,139.77,423,Stratovolcano,Historical,135,3,,
1786,,,Dieng Volc Complex,Indonesia,-7.2,109.92,2565,Complex volcano,Historical,38,2,,
1789,,,Oshima,Japan,34.73,139.38,758,Stratovolcano,Historical,,2,,
1790,,,Kilauea,United States,19.425,-155.292,1222,Shield volcano,Historical,5405,4,,
1792,TSU,EQ,Unzen,Japan,32.75,130.3,1500,Complex volcano,Historical,14524,2,,
1794,,,Vesuvius,Italy,40.821,14.426,1281,Complex volcano,Historical,400,3,,
1800,,,San Jorge,Portugal,38.65,-28.08,1053,Fissure vent,Historical,9,1,,
1800,,,Guntur,Indonesia,-7.13,107.83,2249,Complex volcano,Historical,,,,
1800,,,Mayon,Philippines,13.257,123.685,2462,Stratovolcano,Historical,,2,,
1800,,,Hualalai,United States,19.692,-155.87,2523,Shield volcano,Historical,2,0,,
1800,,,St. Helens,United States,46.2,-122.18,2549,Stratovolcano,Historical,,5,,
1800,,,Kieyo,Tanzania,-9.23,33.78,2175,Stratovolcano,Historical,,2,,
1801,,,Chokai,Japan,39.08,140.03,2237,Stratovolcano,Historical,8,2,,
1803,,,Asama,Japan,36.4,138.53,2560,Complex volcano,Historical,,2,,
1803,,,Asama,Japan,36.4,138.53,2560,Complex volcano,Historical,,2,,
1804,,,Shikotsu,Japan,42.7,141.33,1320,Caldera,Historical,,3,,
1805,,,Vesuvius,Italy,40.821,14.426,1281,Complex volcano,Historical,4,2,,
1812,,,Soufriere St. Vincent,St. Vincent & the Grenadines,13.33,-61.18,1220,Stratovolcano,Historical,56,4,,
1812,,,Awu,Indonesia,3.67,125.5,1320,Stratovolcano,Historical,953,3,,
1813,TSU,,Vesuvius,Italy,40.821,14.426,1281,Complex volcano,Historical,,2,,
1814,,,Mayon,Philippines,13.257,123.685,2462,Stratovolcano,Historical,1200,4,,
1815,TSU,,Tambora,Indonesia,-8.25,118,2850,Stratovolcano,Historical,60000,7,,
1816,,,Aso,Japan,32.88,131.1,1592,Caldera,Historical,1,2,,
1817,,,Ijen,Indonesia,-8.058,114.242,2799,Stratovolcano,Historical,,2,,
1817,,,Raung,Indonesia,-8.125,114.042,3332,Stratovolcano,Historical,,4,,
1818,,,Colima,Mexico,19.514,-103.62,3850,Stratovolcano,Historical,,4,,
1819,TSU,,Asuncion,United States,19.67,145.4,857,Stratovolcano,Historical,,,,
1820,TSU,EQ,Westdahl,United States,54.52,-164.65,1654,Stratovolcano,Historical,,2,,
1820,,,Banda Api,Pacific Ocean,-4.525,129.871,640,Caldera,Historical,,2,,
1822,,,Usu,Japan,42.53,140.83,731,Stratovolcano,Historical,50,4,,
1822,,,Galunggung,Indonesia,-7.25,108.05,2168,Stratovolcano,Historical,4011,5,,
1822,,,Merapi,Indonesia,-7.542,110.442,2947,Stratovolcano,Historical,100,3,,
1823,,,Kilauea,United States,19.425,-155.292,1222,Shield volcano,Historical,,0,,
1824,,,Shishaldin,United States,54.75,-163.97,2857,Stratovolcano,Historical,,3,,
1825,,,Balbi,Papua New Guinea,-5.83,154.98,2715,Stratovolcano,Holocene,,,,
1826,,,Dieng Volc Complex,Indonesia,-7.2,109.92,2565,Complex volcano,Historical,,2,,
1826,,,Kelut,Indonesia,-7.93,112.308,1731,Stratovolcano,Historical,,3,,
1826,,,Aso,Japan,32.88,131.1,1592,Caldera,Historical,,2,,
1827,TSU,EQ,Avachinsky,Russia,53.255,158.83,2741,Stratovolcano,Historical,,2,,
1827,,,Avachinsky,Russia,53.255,158.83,2741,Stratovolcano,Historical,,2,,
1829,,,Guntur,Indonesia,-7.13,107.83,2249,Complex volcano,Historical,,2,,
1832,,,Etna,Italy,37.734,15.004,3350,Stratovolcano,Historical,,2,,
1832,,,Merapi,Indonesia,-7.542,110.442,2947,Stratovolcano,Historical,32,3,,
1833,,,Kaba,Indonesia,-3.52,102.62,1952,Stratovolcano,Historical,126,2,,
1835,,,Cosiguina,Nicaragua,12.98,-87.57,872,Stratovolcano,Historical,,5,,
1835,,,Banda Api,Pacific Ocean,-4.525,129.871,640,Caldera,Historical,,,,
1837,TSU,EQ,Peuet Sague,Indonesia,4.914,96.329,2801,Complex volcano,Historical,,,,
1838,,,Gamalama,Indonesia,.8,127.325,1715,Stratovolcano,Historical,4,2,,
1839,TSU,,Unnamed,Chile,-33.62,-76.83,-642,Submarine volcano,Uncertain,,2,,
1840,TSU,EQ,Gamalama,Indonesia,.8,127.325,1715,Stratovolcano,Historical,,2,,
1840,TSU,,Kilauea,United States,19.425,-155.292,1222,Shield volcano,Historical,,0,,
1840,,,Ararat,Turkey,39.7,44.28,5165,Stratovolcano,Holocene,1900,3,,
1840,,,Savo,Solomon Is.,-9.13,159.82,510,Stratovolcano,Historical,,3,,
1840,,,Tinakula,Solomon Is.,-10.38,165.8,851,Stratovolcano,Historical,,3,,
1841,,,Kuchinoerabu-jima,Japan,30.43,130.22,649,Stratovolcano,Historical,,2,,
1843,TSU,,Liamuiga,St. Kitts & Nevis,17.37,-62.8,1156,Stratovolcano,Radiocarbon,,0,,
1843,TSU,,Soufriere Guadeloupe,Guadeloupe,16.05,-61.67,1467,Stratovolcano,Historical,,,,
1843,,,Lamongan,Indonesia,-8,113.342,1651,Stratovolcano,Historical,4,2,,
1843,,,Etna,Italy,37.734,15.004,3350,Stratovolcano,Historical,56,2,,
1845,TSU,EQ,Soputan,Indonesia,1.108,124.725,1784,Stratovolcano,Historical,118,2,,
1845,,,Ruiz,Colombia,4.895,-75.322,5321,Stratovolcano,Historical,1000,3,,
1845,,,Hekla,Iceland,63.98,-19.7,1491,Stratovolcano,Historical,,4,,
1846,,,Taupo,New Zealand,-38.82,176,760,Caldera,Radiocarbon,63,,,
1846,,,Tangkubanparahu,Indonesia,-6.77,107.6,2084,Stratovolcano,Historical,,2,,
1846,,,E-san,Japan,41.8,141.17,618,Stratovolcano,Historical,,1,,
1847,,,Fogo,Cape Verde,14.95,-24.35,2829,Stratovolcano,Historical,,2,,
1847,,,Dieng Volc Complex,Indonesia,-7.2,109.92,2565,Complex volcano,Historical,,2,,
1848,,,Kelut,Indonesia,-7.93,112.308,1731,Stratovolcano,Historical,21,2,,
1850,,,Rabaul,Papua New Guinea,-4.271,152.203,688,Pyroclastic shield,Historical,,2,,
1853,,,Niuafo'ou,Tonga,-15.6,-175.63,260,Shield volcano,Historical,25,0,,
1853,,,Mayon,Philippines,13.257,123.685,2462,Stratovolcano,Historical,34,3,,
1853,TSU,,Unnamed,Taiwan,24,121.83,0,Submarine volcano,Historical,,2,,
1854,,,Shiveluch,Russia,56.653,161.36,3283,Stratovolcano,Historical,,5,,
1854,,,Aso,Japan,32.88,131.1,1592,Caldera,Historical,3,2,,
1854,TSU,,Alaid,Russia,50.858,155.55,2339,Stratovolcano,Historical,,3,,
1856,TSU,,Awu,Indonesia,3.67,125.5,1320,Stratovolcano,Historical,2806,3,,
1856,TSU,,Shishaldin,United States,54.75,-163.97,2857,Stratovolcano,Historical,,,,
1856,,,Komaga-take,Japan,42.07,140.68,1140,Stratovolcano,Historical,20,4,,
1857,TSU,EQ,Umboi,Papua New Guinea,-5.589,147.875,1548,Complex volcano,Holocene,,,,
1858,,,Mayon,Philippines,13.257,123.685,2462,Stratovolcano,Historical,,2,,
1858,,,Tate-yama,Japan,36.57,137.6,2621,Stratovolcano,Historical,,,,
1858,,,Tate-yama,Japan,36.57,137.6,2621,Stratovolcano,Historical,,,,
1860,,,Semeru,Indonesia,-8.108,112.92,3676,Stratovolcano,Historical,,2,,
1860,,,Fuego,Guatemala,14.473,-90.88,3763,Stratovolcano,Historical,,2,,
1860,,,Grimsvotn,Iceland,64.42,-17.33,1725,Caldera,Historical,1,,,
1861,,,Dubbi,Eritrea,13.58,41.808,1625,Stratovolcano,Historical,106,3,,
1861,,,Grimsvotn,Iceland,64.42,-17.33,1725,Caldera,Historical,,2,,
1861,,,Makian,Indonesia,.32,127.4,1357,Stratovolcano,Historical,326,4,,
1863,TSU,EQ,Yasur,Vanuatu,-19.52,169.425,361,Stratovolcano,Historical,,,,
1864,,,Kelut,Indonesia,-7.93,112.308,1731,Stratovolcano,Historical,54,2,,
1866,,,Santorini,Greece,36.404,25.396,329,Shield volcano,Historical,1,2,,
1866,TSU,,Ofu-Olosega,United States,-14.175,-169.618,639,Shield volcano,Historical,,2,,
1867,,,Zao,Japan,38.15,140.45,1841,Complex volcano,Historical,3,2,,
1868,TSU,EQ,Mauna Loa,United States,19.475,-155.608,4170,Shield volcano,Historical,77,2,,
1868,TSU,EQ,Etna,Italy,37.734,15.004,3350,Stratovolcano,Historical,,,,
1869,,,Lewotobi,Indonesia,-8.53,122.775,1703,Stratovolcano,Historical,2,2,,
1869,,,Lamongan,Indonesia,-8,113.342,1651,Stratovolcano,Historical,8,2,,
1870,,,Ruang,Indonesia,2.28,125.425,725,Stratovolcano,Historical,,2,,
1870,,,Aoba,Vanuatu,-15.4,167.83,1496,Shield volcano,Historical,,2,,
1870,,,Iliwerung,Indonesia,-8.54,123.59,1018,Complex volcano,Historical,,3,,
1871,TSU,,Ruang,Indonesia,2.28,125.425,725,Stratovolcano,Historical,400,2,,
1871,TSU,EQ,Camiguin,Philippines,9.203,124.673,1332,Stratovolcano,Historical,,2,,
1871,,,Gamalama,Indonesia,.8,127.325,1715,Stratovolcano,Historical,1,2,,
1871,,,Mayon,Philippines,13.257,123.685,2462,Stratovolcano,Historical,3,3,,
1872,,,Merapi,Indonesia,-7.542,110.442,2947,Stratovolcano,Historical,30,4,,
1872,,,Merapi,Indonesia,-7.542,110.442,2947,Stratovolcano,Historical,170,4,,
1872,,,Vesuvius,Italy,40.821,14.426,1281,Complex volcano,Historical,9,3,,
1872,,,Merapi,Indonesia,-7.542,110.442,2947,Stratovolcano,Historical,200,4,,
1872,,,Aso,Japan,32.88,131.1,1592,Caldera,Historical,4,3,,
1872,,,Sinarka,Russia,48.875,154.175,934,Stratovolcano,Historical,,4,,
1873,,,Ragang,Philippines,7.67,124.5,2815,Stratovolcano,Historical,,2,,
1873,,,Vesuvius,Italy,40.821,14.426,1281,Complex volcano,Historical,9,,,
1874,,,Miyake-jima,Japan,34.08,139.53,815,Stratovolcano,Historical,1,3,,
1874,,,Taal,Philippines,14.002,120.993,400,Stratovolcano,Historical,,2,,
1875,,,Kelut,Indonesia,-7.93,112.308,1731,Stratovolcano,Historical,,0,,
1875,,,Askja,Iceland,65.03,-16.75,1516,Stratovolcano,Historical,,5,,
1875,,,Mayon,Philippines,13.257,123.685,2462,Stratovolcano,Historical,1500,,,
1877,TSU,EQ,Mauna Loa,United States,19.475,-155.608,4170,Shield volcano,Historical,,0,,
1877,,,Cotopaxi,Ecuador,-.677,-78.436,5911,Stratovolcano,Historical,340,4,,
1878,TSU,,Yasur,Vanuatu,-19.52,169.425,361,Stratovolcano,Historical,,3,,
1878,TSU,,Rabaul,Papua New Guinea,-4.271,152.203,688,Pyroclastic shield,Historical,1,3,,
1878,TSU,EQ,Yasur,Vanuatu,-19.52,169.425,361,Stratovolcano,Historical,,,,
1878,TSU,EQ,Okmok,United States,53.42,-168.13,1073,Shield volcano,Historical,,2,,
1879,TSU,,Stromboli,Italy,38.789,15.213,926,Stratovolcano,Historical,,2,,
1883,,,Karthala,Comoros,-11.75,43.38,2361,Shield volcano,Historical,,2,,
1883,TSU,,Krakatau,Indonesia,-6.102,105.423,813,Caldera,Historical,36417,6,,
1883,TSU,,Augustine,United States,59.37,-153.42,1252,Lava dome,Historical,8,4,,
1883,TSU,,Krakatau,Indonesia,-6.102,105.423,813,Caldera,Historical,,,,
1883,,,Bagana,Papua New Guinea,-6.14,155.195,1750,Lava cone,Historical,,3,,
1884,TSU,,Krakatau,Indonesia,-6.102,105.423,813,Caldera,Historical,,,,
1885,,,Semeru,Indonesia,-8.108,112.92,3676,Stratovolcano,Historical,74,2,,
1885,,EQ,Purace,Colombia,2.32,-76.4,4650,Stratovolcano,Historical,,3,,
1886,,,Tungurahua,Ecuador,-1.467,-78.442,5023,Stratovolcano,Historical,2,4,,
1886,,,Okataina,New Zealand,-38.12,176.5,1111,Lava dome,Historical,153,2,,
1886,,,Niuafo'ou,Tonga,-15.6,-175.63,260,Shield volcano,Historical,,4,,
1887,,,Mayon,Philippines,13.257,123.685,2462,Stratovolcano,Historical,15,3,,
1888,TSU,,Ritter Island,Papua New Guinea,-5.52,148.121,140,Stratovolcano,Historical,,3,,
1888,,,Bandai,Japan,37.6,140.08,1819,Stratovolcano,Historical,461,4,,
1889,TSU,EQ,Banua Wuhu,Indonesia,3.138,125.491,-5,Submarine volcano,Historical,,2,,
1890,,,Makian,Indonesia,.32,127.4,1357,Stratovolcano,Historical,,2,,
1890,,,Victory,Papua New Guinea,-9.2,149.07,1925,Stratovolcano,Historical,,2,,
1892,,,Sorikmarapi,Indonesia,.686,99.539,2145,Stratovolcano,Historical,180,2,,
1892,TSU,,Awu,Indonesia,3.67,125.5,1320,Stratovolcano,Historical,1532,3,,
1892,TSU,,Tofua,Tonga,-19.75,-175.07,512,Caldera,Historical,,2,,
1893,,,Calbuco,Chile,-41.326,-72.614,2003,Stratovolcano,Historical,,4,,
1893,,,Azuma,Japan,37.73,140.25,2024,Stratovolcano,Historical,2,2,,
1894,,,Ambrym,Vanuatu,-16.25,168.12,1334,Pyroclastic shield,Historical,10,3,,
1895,,,Semeru,Indonesia,-8.108,112.92,3676,Stratovolcano,Historical,,2,,
1895,,,Karkar,Papua New Guinea,-4.649,145.964,1839,Stratovolcano,Historical,21,2,,
1895,,,Kirishima,Japan,31.93,130.87,1700,Shield volcano,Historical,4,2,,
1895,,,Dakataua,Papua New Guinea,-5.056,150.108,400,Caldera,Anthropology,,2,,
1896,,,Kirishima,Japan,31.93,130.87,1700,Shield volcano,Historical,1,2,,
1897,TSU,,Tinakula,Solomon Is.,-10.38,165.8,851,Stratovolcano,Historical,,2,,
1897,,,Mayon,Philippines,13.257,123.685,2462,Stratovolcano,Historical,350,3,,
1899,,,Dona Juana,Colombia,1.47,-76.92,4150,Stratovolcano,Historical,55,4,,
1899,,,Manam,Papua New Guinea,-4.1,145.061,1807,Stratovolcano,Historical,2,2,,
1900,,,Asama,Japan,36.4,138.53,2560,Complex volcano,Historical,25,2,,
1900,,,Kirishima,Japan,31.93,130.87,1700,Shield volcano,Historical,2,2,,
1900,,,Adatara,Japan,37.62,140.28,1718,Stratovolcano,Historical,72,2,,
1900,,,Tullu Moje,Ethiopia,8.158,39.13,2349,Pumice cone,Anthropology,,,,
1901,,,Kelut,Indonesia,-7.93,112.308,1731,Stratovolcano,Historical,,3,,
1901,TSU,EQ,Epi,Vanuatu,-16.68,168.37,833,Stratovolcano,Historical,,,,
1902,TSU,,Pelee,Martinique,14.82,-61.17,1397,Stratovolcano,Historical,23,,,
1902,TSU,,Soufriere St. Vincent,St. Vincent & the Grenadines,13.33,-61.18,1220,Stratovolcano,Historical,1680,4,,
1902,TSU,,Pelee,Martinique,14.82,-61.17,1397,Stratovolcano,Historical,28000,4,,
1902,TSU,,Pelee,Martinique,14.82,-61.17,1397,Stratovolcano,Historical,,,,
1902,,,Tori-shima,Japan,30.48,140.32,403,Stratovolcano,Historical,125,3,,
1902,TSU,,Pelee,Martinique,14.82,-61.17,1397,Stratovolcano,Historical,1500,4,,
1902,,,Santa Maria,Guatemala,14.756,-91.552,3772,Stratovolcano,Historical,10000,6,,
1902,,,Merapi,Indonesia,-7.542,110.442,2947,Stratovolcano,Historical,16,2,,
1903,,,Okataina,New Zealand,-38.12,176.5,1111,Lava dome,Historical,4,1,,
1903,,,Karthala,Comoros,-11.75,43.38,2361,Shield volcano,Historical,17,,,
1904,,,Karthala,Comoros,-11.75,43.38,2361,Shield volcano,Historical,1,2,,
1905,,,Vesuvius,Italy,40.821,14.426,1281,Complex volcano,Historical,1,2,,
1905,TSU,,Savai'i,Samoa,-13.612,-172.525,1858,Shield volcano,Historical,,2,,
1906,TSU,,Vesuvius,Italy,40.821,14.426,1281,Complex volcano,Historical,350,3,,
1907,TSU,,Unnamed,Tonga,-21.38,-175.65,-500,Submarine volcano,Historical,,0,,
1907,,,Alayta,Ethiopia,12.88,40.57,1501,Shield volcano,Historical,,2,,
1907,,,Lewotobi,Indonesia,-8.53,122.775,1703,Stratovolcano,Historical,1,2,,
1907,TSU,,Savai'i,Samoa,-13.612,-172.525,1858,Shield volcano,Historical,,,,
1909,,EQ,Cameroon,Cameroon,4.203,9.17,4095,Stratovolcano,Historical,,2,,
1909,,,Semeru,Indonesia,-8.108,112.92,3676,Stratovolcano,Historical,221,2,,
1910,,,Taupo,New Zealand,-38.82,176,760,Caldera,Radiocarbon,1,,,
1910,,,Usu,Japan,42.53,140.83,731,Stratovolcano,Historical,1,2,,
1911,TSU,EQ,Taal,Philippines,14.002,120.993,400,Stratovolcano,Historical,1335,3,,
1911,,,Asama,Japan,36.4,138.53,2560,Complex volcano,Historical,1,2,,
1911,,,Asama,Japan,36.4,138.53,2560,Complex volcano,Historical,,2,,
1911,TSU,,Piparo,Trinidad,10,-61,140,Mud volcano,Historical,,,,
1911,,,Semeru,Indonesia,-8.108,112.92,3676,Stratovolcano,Historical,,3,,
1912,,,Novarupta,United States,58.27,-155.16,841,Caldera,Historical,2,6,,
1912,,,Nyamuragira,Congo,-1.408,29.2,3058,Shield volcano,Historical,20,3,,
1913,,,Colima,Mexico,19.514,-103.62,3850,Stratovolcano,Historical,13,4,,
1913,TSU,EQ,Awu,Indonesia,3.67,125.5,1320,Stratovolcano,Historical,138,2,,
1913,,,Asama,Japan,36.4,138.53,2560,Complex volcano,Historical,1,1,,
1913,,,Semeru,Indonesia,-8.108,112.92,3676,Stratovolcano,Historical,,2,,
1913,,,Ambrym,Vanuatu,-16.25,168.12,1334,Pyroclastic shield,Historical,21,3,,
1914,TSU,EQ,Sakura-jima,Japan,31.58,130.67,1117,Stratovolcano,Historical,63,4,,
1914,,,Pago,Papua New Guinea,-5.58,150.52,742,Caldera,Historical,,3,,
1914,,,White Island,New Zealand,-37.52,177.18,321,Stratovolcano,Historical,11,,,
1914,,,Aoba,Vanuatu,-15.4,167.83,1496,Shield volcano,Historical,100,,,
1916,,,Tungurahua,Ecuador,-1.467,-78.442,5023,Stratovolcano,Historical,,4,,
1916,TSU,,Stromboli,Italy,38.789,15.213,926,Stratovolcano,Historical,,3,,
1917,,,Lengai,Tanzania,-2.751,35.902,2890,Stratovolcano,Historical,,3,,
1917,,,Okataina,New Zealand,-38.12,176.5,1111,Lava dome,Historical,2,1,,
1917,,,Calbuco,Chile,-41.326,-72.614,2003,Stratovolcano,Historical,,3,,
1917,,EQ,San Salvador,El Salvador,13.736,-89.286,1893,Stratovolcano,Historical,325,3,,
1918,TSU,,Banua Wuhu,Indonesia,3.138,125.491,-5,Submarine volcano,Historical,,3,,
1918,,,Katla,Iceland,63.63,-19.05,1512,Subglacial volcano,Historical,,4,,
1919,,,Popocatepetl,Mexico,19.023,-98.622,5426,Stratovolcano,Historical,,1,,
1919,TSU,,Banua Wuhu,Indonesia,3.138,125.491,-5,Submarine volcano,Historical,,,,
1919,,,Kelut,Indonesia,-7.93,112.308,1731,Stratovolcano,Historical,5110,4,,
1919,TSU,,Stromboli,Italy,38.789,15.213,926,Stratovolcano,Historical,4,3,,
1919,,,Nasu,Japan,37.12,139.97,1917,Stratovolcano,Historical,2,,,
1919,TSU,,Mauna Loa,United States,19.475,-155.608,4170,Shield volcano,Historical,,0,,
1920,,,Merapi,Indonesia,-7.542,110.442,2947,Stratovolcano,Historical,33,3,,
1920,,,Izalco,El Salvador,13.813,-89.633,1950,Stratovolcano,Historical,,3,,
1921,,,Nasu,Japan,37.12,139.97,1917,Stratovolcano,Historical,1,,,
1923,,,Papandayan,Indonesia,-7.32,107.73,2665,Stratovolcano,Historical,1,1,,
1923,,,Tangkubanparahu,Indonesia,-6.77,107.6,2084,Stratovolcano,Historical,3,,,
1923,,,Kirishima,Japan,31.93,130.87,1700,Shield volcano,Historical,1,2,,
1924,,,Kilauea,United States,19.425,-155.292,1222,Shield volcano,Historical,1,2,,
1926,,,Tokachi,Japan,43.42,142.68,2077,Stratovolcano,Historical,144,3,,
1927,TSU,,Paluweh,Indonesia,-8.32,121.708,875,Stratovolcano,Historical,,,,
1927,,,Esjufjoll,Iceland,64.27,-16.65,1760,Stratovolcano,Historical,1,1,,
1928,,,Santorini,Greece,36.404,25.396,329,Shield volcano,Historical,48,2,,
1928,,,Mayon,Philippines,13.257,123.685,2462,Stratovolcano,Historical,,3,,
1928,TSU,,Krakatau,Indonesia,-6.102,105.423,813,Caldera,Historical,,,,
1928,,,Dieng Volc Complex,Indonesia,-7.2,109.92,2565,Complex volcano,Historical,40,2,,
1928,TSU,,Paluweh,Indonesia,-8.32,121.708,875,Stratovolcano,Historical,226,3,,
1928,,,Etna,Italy,37.734,15.004,3350,Stratovolcano,Historical,5,1,,
1929,,,Calbuco,Chile,-41.326,-72.614,2003,Stratovolcano,Historical,,3,,
1929,,,Komaga-take,Japan,42.07,140.68,1140,Stratovolcano,Historical,2,4,,
1929,,,Etna,Italy,37.734,15.004,3350,Stratovolcano,Historical,2,2,,
1929,,,Santa Maria,Guatemala,14.756,-91.552,3772,Stratovolcano,Historical,200,3,,
1930,TSU,,Krakatau,Indonesia,-6.102,105.423,813,Caldera,Historical,,2,,
1930,,,Asama,Japan,36.4,138.53,2560,Complex volcano,Historical,6,3,,
1930,TSU,,Stromboli,Italy,38.789,15.213,926,Stratovolcano,Historical,6,3,,
1930,,,Merapi,Indonesia,-7.542,110.442,2947,Stratovolcano,Historical,1369,3,,
1931,,,Asama,Japan,36.4,138.53,2560,Complex volcano,Historical,3,3,,
1932,,,Fuego,Guatemala,14.473,-90.88,3763,Stratovolcano,Historical,,4,,
1932,,,Merapi,Indonesia,-7.542,110.442,2947,Stratovolcano,Historical,,,,
1932,,,Kusatsu-Shirane,Japan,36.62,138.55,2176,Stratovolcano,Historical,2,3,,
1933,TSU,EQ,Kharimkotan,Russia,49.12,154.508,1145,Stratovolcano,Historical,2,3,,
1933,,,Hakone,Japan,35.22,139.02,1438,Complex volcano,Radiocarbon,1,,,
1933,,,Kuchinoerabu-jima,Japan,30.43,130.22,649,Stratovolcano,Historical,8,4,,
1933,TSU,,Bulusan,Philippines,12.77,124.05,1565,Stratovolcano,Historical,9,2,,
1934,,,Hood,United States,45.374,-121.694,3426,Stratovolcano,Historical,1,,,
1936,,,Asama,Japan,36.4,138.53,2560,Complex volcano,Historical,2,3,,
1937,,,Llaima,Chile,-38.692,-71.729,3125,Stratovolcano,Historical,3,2,,
1937,TSU,EQ,Rabaul,Papua New Guinea,-4.271,152.203,688,Pyroclastic shield,Historical,507,4,,
1938,TSU,,Nyamuragira,Congo,-1.408,29.2,3058,Shield volcano,Historical,,1,,
1938,,,Bandai,Japan,37.6,140.08,1819,Stratovolcano,Historical,2,,,
1938,,,Mayon,Philippines,13.257,123.685,2462,Stratovolcano,Historical,,2,,
1938,,,Asama,Japan,36.4,138.53,2560,Complex volcano,Historical,,1,,
1939,,,Tori-shima,Japan,30.48,140.32,403,Stratovolcano,Historical,2,2,,
1939,,,Dieng Volc Complex,Indonesia,-7.2,109.92,2565,Complex volcano,Historical,10,1,,
1940,,,Karangetang [Api Siau],Indonesia,2.78,125.48,1784,Stratovolcano,Historical,1,2,,
1940,,,Miyake-jima,Japan,34.08,139.53,815,Stratovolcano,Historical,11,2,,
1940,,,Lengai,Tanzania,-2.751,35.902,2890,Stratovolcano,Historical,,2,,
1941,,,Asama,Japan,36.4,138.53,2560,Complex volcano,Historical,1,2,,
1941,,,Semeru,Indonesia,-8.108,112.92,3676,Stratovolcano,Historical,,2,,
1943,,,Michoacan-Guanajuato,Mexico,19.48,-102.25,3860,Cinder cone,Historical,103,4,,
1943,,,Azul,Ecuador,-.9,-91.42,1690,Shield volcano,Historical,1,3,,
1944,,,Vesuvius,Italy,40.821,14.426,1281,Complex volcano,Historical,27,2,,
1944,,,Cleveland,United States,52.82,-169.95,1730,Stratovolcano,Historical,1,3,,
1944,,,Usu,Japan,42.53,140.83,731,Stratovolcano,Historical,1,2,,
1944,TSU,,Stromboli,Italy,38.789,15.213,926,Stratovolcano,Historical,,2,,
1944,,,Usu,Japan,42.53,140.83,731,Stratovolcano,Historical,1,2,,
1944,,,Dieng Volc Complex,Indonesia,-7.2,109.92,2565,Complex volcano,Historical,117,2,,
1946,,,Sakura-jima,Japan,31.58,130.67,1117,Stratovolcano,Historical,1,2,,
1946,,,Semeru,Indonesia,-8.108,112.92,3676,Stratovolcano,Historical,6,2,,
1946,,,Semeru,Indonesia,-8.108,112.92,3676,Stratovolcano,Historical,,2,,
1946,TSU,,Sarychev Peak,Russia,48.092,153.2,1496,Stratovolcano,Historical,,4,,
1947,,,Mayon,Philippines,13.257,123.685,2462,Stratovolcano,Historical,,2,,
1947,,,Asama,Japan,36.4,138.53,2560,Complex volcano,Historical,11,2,,
1947,,,Akagi,Japan,36.53,139.18,1828,Stratovolcano,Historical,699,,,
1947,,,Hekla,Iceland,63.98,-19.7,1491,Stratovolcano,Historical,1,4,,
1948,,,Iliwerung,Indonesia,-8.54,123.59,1018,Complex volcano,Historical,,2,,
1949,,,Villarrica,Chile,-39.42,-71.93,2847,Stratovolcano,Historical,54,3,,
1949,,,Purace,Colombia,2.32,-76.4,4650,Stratovolcano,Historical,17,2,,
1949,,,Camiguin,Philippines,9.203,124.673,1332,Stratovolcano,Historical,2,3,,
1950,,,Semeru,Indonesia,-8.108,112.92,3676,Stratovolcano,Historical,6,1,,
1950,,,Camiguin,Philippines,9.203,124.673,1332,Stratovolcano,Historical,68,3,,
1950,,,Asama,Japan,36.4,138.53,2560,Complex volcano,Historical,1,2,,
1951,,,Lamington,Papua New Guinea,-8.95,148.15,1680,Stratovolcano,Historical,2942,4,,
1951,TSU,EQ,Cosiguina,Nicaragua,12.98,-87.57,872,Stratovolcano,Historical,,,,
1951,,,Kelut,Indonesia,-7.93,112.308,1731,Stratovolcano,Historical,7,3,,
1951,,,Hakone,Japan,35.22,139.02,1438,Complex volcano,Radiocarbon,2,,,
1951,,,Camiguin,Philippines,9.203,124.673,1332,Stratovolcano,Historical,500,3,,
1951,TSU,,Kavachi,Solomon Is.,-9.02,157.95,-20,Submarine volcano,Historical,,2,,
1952,,,Hakone,Japan,35.22,139.02,1438,Complex volcano,Radiocarbon,1,,,
1952,TSU,,Myojun Knoll,Japan,32.1,139.85,360,Submarine volcano,Holocene,,2,,
1952,TSU,,Myojun Knoll,Japan,32.1,139.85,360,Submarine volcano,Holocene,,2,,
1952,TSU,,Myojun Knoll,Japan,32.1,139.85,360,Submarine volcano,Holocene,31,2,,
1952,TSU,,Myojun Knoll,Japan,32.1,139.85,360,Submarine volcano,Holocene,,2,,
1952,,,Ambalatungan Group,Philippines,17.32,121.1,2329,Compound volcano,Fumarolic,12,1,,
1953,TSU,,Myojun Knoll,Japan,32.1,139.85,360,Submarine volcano,Holocene,,2,,
1953,,,Merapi,Indonesia,-7.542,110.442,2947,Stratovolcano,Historical,64,3,,
1953,TSU,,Myojun Knoll,Japan,32.1,139.85,360,Submarine volcano,Holocene,,2,,
1953,,,Aso,Japan,32.88,131.1,1592,Caldera,Historical,6,2,,
1953,TSU,,St. Andrew Strait,Papua New Guinea,-2.38,147.35,270,Complex volcano,Historical,,0,,
1953,,,Sirung,Indonesia,-8.51,124.148,862,Complex volcano,Historical,5,0,,
1953,,,Hakone,Japan,35.22,139.02,1438,Complex volcano,Radiocarbon,10,,,
1953,,,Oshima,Japan,34.73,139.38,758,Stratovolcano,Historical,1,1,,
1953,,,Ruapehu,New Zealand,-39.28,175.57,2797,Stratovolcano,Historical,151,,,
1954,TSU,,Stromboli,Italy,38.789,15.213,926,Stratovolcano,Historical,,,,
1954,,,Tate-yama,Japan,36.57,137.6,2621,Stratovolcano,Historical,1,,,
1954,,,Bam,Papua New Guinea,-3.6,144.85,685,Stratovolcano,Historical,25,2,,
1954,,,Camiguin,Philippines,9.203,124.673,1332,Stratovolcano,Historical,2,,,
1955,,,Carran-Los Venados,Chile,-40.35,-72.07,1114,Pyroclastic cone,Historical,2,4,,
1955,,,Sakura-jima,Japan,31.58,130.67,1117,Stratovolcano,Historical,,3,,
1956,TSU,,Bezymianny,Russia,55.978,160.587,2882,Stratovolcano,Historical,,5,,
1957,,EQ,Vsevidof,United States,53.13,-168.68,2149,Stratovolcano,Historical,,2,,
1957,,,Unzen,Japan,32.75,130.3,1500,Complex volcano,Historical,13,,,
1957,,,Oshima,Japan,34.73,139.38,758,Stratovolcano,Historical,1,2,,
1957,,,Aso,Japan,32.88,131.1,1592,Caldera,Historical,12,2,,
1958,,,Mahawu,Indonesia,1.358,124.858,1324,Stratovolcano,Historical,1,2,,
1958,,,Daisetsu,Japan,43.68,142.88,2290,Stratovolcano,Tephrochronology,2,,,
1958,TSU,,Kuwae,Vanuatu,-16.829,168.536,-2,Caldera,Historical,,2,,
1960,TSU,EQ,Puyehue,Chile,-40.59,-72.117,2236,Stratovolcano,Holocene,,3,,
1961,,,Calbuco,Chile,-41.326,-72.614,2003,Stratovolcano,Historical,,3,,
1961,,,Tate-yama,Japan,36.57,137.6,2621,Stratovolcano,Historical,1,,,
1961,,,Merapi,Indonesia,-7.542,110.442,2947,Stratovolcano,Historical,6,3,,
1961,,,Daisetsu,Japan,43.68,142.88,2290,Stratovolcano,Tephrochronology,2,,,
1961,,,Asama,Japan,36.4,138.53,2560,Complex volcano,Historical,1,2,,
1962,,,Tokachi,Japan,43.42,142.68,2077,Stratovolcano,Historical,5,3,,
1962,,,Merapi,Indonesia,-7.542,110.442,2947,Stratovolcano,Historical,2,,,
1962,,,Gamalama,Indonesia,.8,127.325,1715,Stratovolcano,Historical,5,2,,
1963,,,Irazu,Costa Rica,9.979,-83.852,3432,Stratovolcano,Historical,15,3,,
1963,TSU,,Agung,Indonesia,-8.342,115.508,3142,Stratovolcano,Historical,1028,5,,
1963,,,Semeru,Indonesia,-8.108,112.92,3676,Stratovolcano,Historical,1,2,,
1963,,EQ,Agung,Indonesia,-8.342,115.508,3142,Stratovolcano,Historical,120,3,,
1963,,,Villarrica,Chile,-39.42,-71.93,2847,Stratovolcano,Historical,,2,,
1963,,,Batur,Indonesia,-8.242,115.375,1717,Caldera,Historical,2,2,,
1963,,,Fuego,Guatemala,14.473,-90.88,3763,Stratovolcano,Historical,7,3,,
1963,,,Irazu,Costa Rica,9.979,-83.852,3432,Stratovolcano,Historical,40,3,,
1964,,,Paluweh,Indonesia,-8.32,121.708,875,Stratovolcano,Historical,1,2,,
1964,,,Villarrica,Chile,-39.42,-71.93,2847,Stratovolcano,Historical,25,2,,
1964,,,Dieng Volc Complex,Indonesia,-7.2,109.92,2565,Complex volcano,Historical,114,1,,
1965,TSU,,Taal,Philippines,14.002,120.993,400,Stratovolcano,Historical,355,4,,
1966,TSU,,Tinakula,Solomon Is.,-10.38,165.8,851,Stratovolcano,Historical,,3,,
1966,,,Kelut,Indonesia,-7.93,112.308,1731,Stratovolcano,Historical,215,4,,
1966,,,Awu,Indonesia,3.67,125.5,1320,Stratovolcano,Historical,39,4,,
1966,,,Lengai,Tanzania,-2.751,35.902,2890,Stratovolcano,Historical,,4,,
1967,,,Lengai,Tanzania,-2.751,35.902,2890,Stratovolcano,Historical,,3,,
1967,,,Semeru,Indonesia,-8.108,112.92,3676,Stratovolcano,Historical,3,3,,
1967,TSU,,Deception Island,Antarctica,-62.97,-60.65,576,Caldera,Historical,,3,,
1968,,,Mayon,Philippines,13.257,123.685,2462,Stratovolcano,Historical,6,3,,
1968,,,Arenal,Costa Rica,10.463,-84.703,1657,Stratovolcano,Historical,80,3,,
1969,,,Merapi,Indonesia,-7.542,110.442,2947,Stratovolcano,Historical,3,2,,
1969,,,Iya,Indonesia,-8.88,121.63,637,Stratovolcano,Historical,2,3,,
1969,TSU,,Didicas,Philippines,19.077,122.202,244,Compound volcano,Historical,3,2,,
1969,,,Narugo,Japan,38.73,140.73,462,Caldera,Historical,1,,,
1970,,,Campi Flegrei,Italy,40.827,14.139,458,Caldera,Historical,3,,,
1970,,,Hekla,Iceland,63.98,-19.7,1491,Stratovolcano,Historical,,3,,
1971,,,Hudson,Chile,-45.9,-72.97,1905,Stratovolcano,Historical,3,3,,
1971,TSU,,Tinakula,Solomon Is.,-10.38,165.8,851,Stratovolcano,Historical,,2,,
1971,,,Fuego,Guatemala,14.473,-90.88,3763,Stratovolcano,Historical,10,3,,
1971,,,La Palma,Spain,28.58,-17.83,2426,Stratovolcano,Historical,,2,,
1971,,,Villarrica,Chile,-39.42,-71.93,2847,Stratovolcano,Historical,15,2,,
1971,,,Kusatsu-Shirane,Japan,36.62,138.55,2176,Stratovolcano,Historical,6,,,
1972,,,Hakone,Japan,35.22,139.02,1438,Complex volcano,Radiocarbon,2,,,
1972,TSU,,Ritter Island,Papua New Guinea,-5.52,148.121,140,Stratovolcano,Historical,,1,,
1973,,,Vestmannaeyjar,Iceland,63.43,-20.28,279,Submarine volcano,Historical,1,3,,
1973,,,Paluweh,Indonesia,-8.32,121.708,875,Stratovolcano,Historical,,3,,
1973,,,Hudson,Chile,-45.9,-72.97,1905,Stratovolcano,Historical,2,,,
1973,,,Iliwerung,Indonesia,-8.54,123.59,1018,Complex volcano,Historical,2,2,,
1974,,,Karangetang [Api Siau],Indonesia,2.78,125.48,1784,Stratovolcano,Historical,4,3,,
1974,,,Sakura-jima,Japan,31.58,130.67,1117,Stratovolcano,Historical,3,3,,
1974,,,Niigata-Yake-yama,Japan,36.92,138.03,2400,Lava dome,Historical,3,2,,
1974,,,Sakura-jima,Japan,31.58,130.67,1117,Stratovolcano,Historical,5,3,,
1974,,,Fuego,Guatemala,14.473,-90.88,3763,Stratovolcano,Historical,,4,,
1974,TSU,,Ritter Island,Papua New Guinea,-5.52,148.121,140,Stratovolcano,Historical,,1,,
1974,,,Merapi,Indonesia,-7.542,110.442,2947,Stratovolcano,Historical,9,2,,
1975,,,Marapi,Indonesia,-.381,100.473,2891,Complex volcano,Historical,80,2,,
1975,,,Arenal,Costa Rica,10.463,-84.703,1657,Stratovolcano,Historical,2,3,,
1975,TSU,EQ,Kilauea,United States,19.425,-155.292,1222,Shield volcano,Historical,2,0,,
1976,,,Kusatsu-Shirane,Japan,36.62,138.55,2176,Stratovolcano,Historical,3,,,
1976,,,Sangay,Ecuador,-2.03,-78.33,5230,Stratovolcano,Historical,2,3,,
1976,,,Semeru,Indonesia,-8.108,112.92,3676,Stratovolcano,Historical,119,2,,
1976,,,Karangetang [Api Siau],Indonesia,2.78,125.48,1784,Stratovolcano,Historical,1,2,,
1976,,,Merapi,Indonesia,-7.542,110.442,2947,Stratovolcano,Historical,29,2,,
1977,,,Nyiragongo,Congo,-1.52,29.25,3470,Stratovolcano,Historical,,1,,
1977,,,Karthala,Comoros,-11.75,43.38,2361,Shield volcano,Historical,,0,,
1977,,,Krafla,Iceland,65.73,-16.78,650,Caldera,Historical,,1,,
1977,,,Kliuchevskoi,Russia,56.057,160.638,4835,Stratovolcano,Historical,1,3,,
1977,,,Usu,Japan,42.53,140.83,731,Stratovolcano,Historical,3,3,,
1978,,,Usu,Japan,42.53,140.83,731,Stratovolcano,Historical,3,3,,
1978,,,Bulusan,Philippines,12.77,124.05,1565,Stratovolcano,Historical,,2,,
1978,,,Santa Maria,Guatemala,14.756,-91.552,3772,Stratovolcano,Historical,1,3,,
1978,,,Semeru,Indonesia,-8.108,112.92,3676,Stratovolcano,Historical,12,3,,
1978,,,Tangkubanparahu,Indonesia,-6.77,107.6,2084,Stratovolcano,Historical,3,,,
1979,,,Dieng Volc Complex,Indonesia,-7.2,109.92,2565,Complex volcano,Historical,149,1,,
1979,,,Karkar,Papua New Guinea,-4.649,145.964,1839,Stratovolcano,Historical,2,2,,
1979,,,Soufriere St. Vincent,St. Vincent & the Grenadines,13.33,-61.18,1220,Stratovolcano,Historical,2,3,,
1979,,,Etna,Italy,37.734,15.004,3350,Stratovolcano,Historical,9,2,,
1979,TSU,,Iliwerung,Indonesia,-8.54,123.59,1018,Complex volcano,Historical,1239,,,
1979,,,Aso,Japan,32.88,131.1,1592,Caldera,Historical,3,2,,
1980,TSU,EQ,St. Helens,United States,46.2,-122.18,2549,Stratovolcano,Historical,61,5,,
1980,,,Hekla,Iceland,63.98,-19.7,1491,Stratovolcano,Historical,,3,,
1980,,,Hood,United States,45.374,-121.694,3426,Stratovolcano,Historical,1,,,
1981,,,Etna,Italy,37.734,15.004,3350,Stratovolcano,Historical,,2,,
1981,,,Semeru,Indonesia,-8.108,112.92,3676,Stratovolcano,Historical,1,3,,
1981,,,Alaid,Russia,50.858,155.55,2339,Stratovolcano,Historical,,2,,
1981,,,Semeru,Indonesia,-8.108,112.92,3676,Stratovolcano,Historical,372,3,,
1981,,,Mayon,Philippines,13.257,123.685,2462,Stratovolcano,Historical,200,,,
1981,,,Paluweh,Indonesia,-8.32,121.708,875,Stratovolcano,Historical,,2,,
1981,,,Vilyuchik,Russia,52.68,158.3,2173,Stratovolcano,Tephrochronology,,,,
1982,,EQ,Chichon,Mexico,17.36,-93.228,1150,Tuff cone,Historical,1879,5,,
1982,,,Chichon,Mexico,17.36,-93.228,1150,Tuff cone,Historical,33,5,,
1982,,,Galunggung,Indonesia,-7.25,108.05,2168,Stratovolcano,Historical,68,4,,
1982,,,Chichon,Mexico,17.36,-93.228,1150,Tuff cone,Historical,1,5,,
1983,,,Kliuchevskoi,Russia,56.057,160.638,4835,Stratovolcano,Historical,1,2,,
1983,,,Colo [Una Una],Indonesia,-.17,121.608,507,Stratovolcano,Historical,,4,,
1983,TSU,,Iliwerung,Indonesia,-8.54,123.59,1018,Complex volcano,Historical,,1,,
1983,,EQ,Miyake-jima,Japan,34.08,139.53,815,Stratovolcano,Historical,,3,,
1984,,,Oku Volc Field,Cameroon,6.25,10.5,3011,Maar,Radiocarbon,37,,,
1984,,,Mayon,Philippines,13.257,123.685,2462,Stratovolcano,Historical,1,3,,
1984,,,On-take,Japan,35.9,137.48,3063,Complex volcano,Historical,29,,,
1984,,,Etna,Italy,37.734,15.004,3350,Stratovolcano,Historical,1,3,,
1985,,,Semeru,Indonesia,-8.108,112.92,3676,Stratovolcano,Historical,70,3,,
1985,,,Ruiz,Colombia,4.895,-75.322,5321,Stratovolcano,Historical,23080,3,,
1985,,,Etna,Italy,37.734,15.004,3350,Stratovolcano,Historical,1,1,,
1986,,,Akita-Yake-yama,Japan,39.97,140.77,1366,Complex volcano,Historical,1,,,
1986,,,Stromboli,Italy,38.789,15.213,926,Stratovolcano,Historical,1,2,,
1986,,,Oku Volc Field,Cameroon,6.25,10.5,3011,Maar,Radiocarbon,1700,3,,
1986,,,Merapi,Indonesia,-7.542,110.442,2947,Stratovolcano,Historical,1,2,,
1986,,,Oshima,Japan,34.73,139.38,758,Stratovolcano,Historical,1,3,,
1987,,,Pacaya,Guatemala,14.381,-90.601,2552,Complex volcano,Historical,,3,,
1987,,,Etna,Italy,37.734,15.004,3350,Stratovolcano,Historical,2,2,,
1987,,EQ,Sirung,Indonesia,-8.51,124.148,862,Complex volcano,Historical,125,,,
1988,,,Banda Api,Pacific Ocean,-4.525,129.871,640,Caldera,Historical,4,3,,
1988,,,Arenal,Costa Rica,10.463,-84.703,1657,Stratovolcano,Historical,1,3,,
1988,,,Semeru,Indonesia,-8.108,112.92,3676,Stratovolcano,Historical,1,3,,
1988,,,Lonquimay,Chile,-38.377,-71.58,2865,Stratovolcano,Historical,1,3,,
1988,,,Akita-Yake-yama,Japan,39.97,140.77,1366,Complex volcano,Historical,3,,,
1989,,,Aso,Japan,32.88,131.1,1592,Caldera,Historical,1,,,
1989,,,Kirishima,Japan,31.93,130.87,1700,Shield volcano,Historical,2,,,
1990,,,Shiveluch,Russia,56.653,161.36,3283,Stratovolcano,Historical,,3,,
1990,,,Kelut,Indonesia,-7.93,112.308,1731,Stratovolcano,Historical,32,4,,
1990,,,Aso,Japan,32.88,131.1,1592,Caldera,Historical,1,2,,
1990,,,Aso,Japan,32.88,131.1,1592,Caldera,Historical,1,2,,
1990,,,Sabancaya,Peru,-15.78,-71.85,5967,Stratovolcano,Historical,,3,,
1990,,,Rabaul,Papua New Guinea,-4.271,152.203,688,Pyroclastic shield,Historical,6,,,
1990,,,Santa Maria,Guatemala,14.756,-91.552,3772,Stratovolcano,Historical,4,3,,
1990,,,Aso,Japan,32.88,131.1,1592,Caldera,Historical,1,2,,
1990,,,Nyiragongo,Congo,-1.52,29.25,3470,Stratovolcano,Historical,1,,,
1990,,,Kelut,Indonesia,-7.93,112.308,1731,Stratovolcano,Historical,4,,,
1991,,,Unzen,Japan,32.75,130.3,1500,Complex volcano,Historical,43,1,,
1991,,EQ,Pinatubo,Philippines,15.13,120.35,1486,Stratovolcano,Historical,800,6,,
1991,,,Mutnovsky,Russia,52.453,158.195,2322,Complex volcano,Historical,1,,,
1991,,,Karthala,Comoros,-11.75,43.38,2361,Shield volcano,Historical,,2,,
1991,,,Hudson,Chile,-45.9,-72.97,1905,Stratovolcano,Historical,,5,,
1991,,,Lokon-Empung,Indonesia,1.358,124.792,1580,Stratovolcano,Historical,1,1,,
1991,,,Etna,Italy,37.734,15.004,3350,Stratovolcano,Historical,,2,,
1992,,,Karangetang [Api Siau],Indonesia,2.78,125.48,1784,Stratovolcano,Historical,2,2,,
1992,,,Dieng Volc Complex,Indonesia,-7.2,109.92,2565,Complex volcano,Historical,1,,,
1992,,,Negro,Nicaragua,12.506,-86.702,728,Cinder cone,Historical,11,3,,
1992,,,Karangetang [Api Siau],Indonesia,2.78,125.48,1784,Stratovolcano,Historical,6,1,,
1992,,,Marapi,Indonesia,-.381,100.473,2891,Complex volcano,Historical,1,2,,
1992,,,Pinatubo,Philippines,15.13,120.35,1486,Stratovolcano,Historical,6,1,,
1992,,,Spurr,United States,61.3,-152.25,3374,Stratovolcano,Historical,1,4,,
1992,,,Semeru,Indonesia,-8.108,112.92,3676,Stratovolcano,Historical,3,3,,
1993,,,Galeras,Colombia,1.22,-77.37,4276,Complex volcano,Historical,9,2,,
1993,,,Wurlali,Indonesia,-7.125,128.675,868,Stratovolcano,Historical,1,,,
1993,,,Mayon,Philippines,13.257,123.685,2462,Stratovolcano,Historical,75,2,,
1993,,,Guagua Pichincha,Ecuador,-.171,-78.598,4784,Stratovolcano,Historical,2,1,,
1993,,,Kilauea,United States,19.425,-155.292,1222,Shield volcano,Historical,1,,,
1993,,,Krakatau,Indonesia,-6.102,105.423,813,Caldera,Historical,1,1,,
1993,,,Unzen,Japan,32.75,130.3,1500,Complex volcano,Historical,1,1,,
1993,,,Pinatubo,Philippines,15.13,120.35,1486,Stratovolcano,Historical,4,1,,
1993,,,Pinatubo,Philippines,15.13,120.35,1486,Stratovolcano,Historical,14,,,
1994,,,Yasur,Vanuatu,-19.52,169.425,361,Stratovolcano,Historical,1,3,,
1994,,,Semeru,Indonesia,-8.108,112.92,3676,Stratovolcano,Historical,6,3,,
1994,,,Aso,Japan,32.88,131.1,1592,Caldera,Historical,1,1,,
1994,,,Huila,Colombia,2.92,-76.05,5365,Stratovolcano,Historical,650,,,
1994,TSU,,Rabaul,Papua New Guinea,-4.271,152.203,688,Pyroclastic shield,Historical,4,3,,
1994,,,Rinjani,Indonesia,-8.42,116.47,3726,Stratovolcano,Historical,31,3,,
1994,,,Merapi,Indonesia,-7.542,110.442,2947,Stratovolcano,Historical,60,3,,
1995,,,Yasur,Vanuatu,-19.52,169.425,361,Stratovolcano,Historical,2,3,,
1995,,,Yake-dake,Japan,36.22,137.58,2455,Stratovolcano,Historical,4,1,,
1995,,,Fogo,Cape Verde,14.95,-24.35,2829,Stratovolcano,Historical,,2,,
1995,,,Pacaya,Guatemala,14.381,-90.601,2552,Complex volcano,Historical,1,3,,
1995,,,Kelimutu,Indonesia,-8.758,121.83,1640,Complex volcano,Historical,1,,,
1995,,,Parker,Philippines,6.12,124.892,1824,Stratovolcano,Historical,60,,,
1996,TSU,,Karymsky,Russia,54.05,159.43,1536,Stratovolcano,Historical,,2,,
1996,,,Popocatepetl,Mexico,19.023,-98.622,5426,Stratovolcano,Historical,5,3,,
1996,,,Kanlaon,Philippines,10.412,123.132,2435,Stratovolcano,Historical,3,2,,
1996,,,Maderas,Nicaragua,11.446,-85.515,1394,Stratovolcano,Holocene,6,,,
1996,,,Grimsvotn,Iceland,64.42,-17.33,1725,Caldera,Historical,,3,,
1996,,,Manam,Papua New Guinea,-4.1,145.061,1807,Stratovolcano,Historical,13,3,,
1997,,,Merapi,Indonesia,-7.542,110.442,2947,Stratovolcano,Historical,6,2,,
1997,,,Karangetang [Api Siau],Indonesia,2.78,125.48,1784,Stratovolcano,Historical,3,1,,
1997,,,Soufriere Hills,Montserrat,16.72,-62.18,915,Stratovolcano,Historical,22,3,,
1997,,,Hakkoda Group,Japan,40.65,140.88,1585,Stratovolcano,Holocene,3,,,
1997,,,Soufriere Hills,Montserrat,16.72,-62.18,915,Stratovolcano,Historical,2,3,,
1997,,,Semeru,Indonesia,-8.108,112.92,3676,Stratovolcano,Historical,2,3,,
1997,,,Adatara,Japan,37.62,140.28,1718,Stratovolcano,Historical,4,,,
1997,,,Aso,Japan,32.88,131.1,1592,Caldera,Historical,2,,,
1997,TSU,,Soufriere Hills,Montserrat,16.72,-62.18,915,Stratovolcano,Historical,,,,
1998,,,Kilauea,United States,19.425,-155.292,1222,Shield volcano,Historical,,,,
1998,,,Kelut,Indonesia,-7.93,112.308,1731,Stratovolcano,Historical,10,,,
1998,,,San Cristobal,Nicaragua,12.702,-87.004,1745,Stratovolcano,Historical,1620,,,
1999,TSU,,Soufriere Hills,Montserrat,16.72,-62.18,915,Stratovolcano,Historical,,3,,
1999,,,Fuego,Guatemala,14.473,-90.88,3763,Stratovolcano,Historical,,2,,
1999,,,Shiveluch,Russia,56.653,161.36,3283,Stratovolcano,Historical,,4,,
1999,,,Guagua Pichincha,Ecuador,-.171,-78.598,4784,Stratovolcano,Historical,2,3,,
1999,,,Tungurahua,Ecuador,-1.467,-78.442,5023,Stratovolcano,Historical,1,3,,
2000,TSU,EQ,Miyake-jima,Japan,34.08,139.53,815,Stratovolcano,Historical,1,2,,
2000,,,Semeru,Indonesia,-8.108,112.92,3676,Stratovolcano,Historical,2,3,,
2000,,,Arenal,Costa Rica,10.463,-84.703,1657,Stratovolcano,Historical,2,3,,
2000,,,Kilauea,United States,19.425,-155.292,1222,Shield volcano,Historical,2,,,
2000,,,Merapi,Indonesia,-7.542,110.442,2947,Stratovolcano,Historical,1,2,,
2001,,,Etna,Italy,37.734,15.004,3350,Stratovolcano,Historical,1,3,,
2001,,,Etna,Italy,37.734,15.004,3350,Stratovolcano,Historical,,2,,
2001,,,Merapi,Indonesia,-7.542,110.442,2947,Stratovolcano,Historical,2,2,,
2001,,,Stromboli,Italy,38.789,15.213,926,Stratovolcano,Historical,1,2,,
2002,,,Karangetang [Api Siau],Indonesia,2.78,125.48,1784,Stratovolcano,Historical,,3,,
2002,,,Nyiragongo,Congo,-1.52,29.25,3470,Stratovolcano,Historical,100,1,,
2002,,EQ,Etna,Italy,37.734,15.004,3350,Stratovolcano,Historical,,3,,
2002,,,Reventador,Ecuador,-.078,-77.656,3562,Stratovolcano,Historical,,4,,
2002,TSU,,Stromboli,Italy,38.789,15.213,926,Stratovolcano,Historical,,,,
2002,,,Semeru,Indonesia,-8.108,112.92,3676,Stratovolcano,Historical,3,3,,
2003,TSU,,Soufriere Hills,Montserrat,16.72,-62.18,915,Stratovolcano,Historical,,3,,
2004,,,Egon,Indonesia,-8.67,122.45,1703,Stratovolcano,Historical,1,1,,
2004,,,Tengger Caldera,Indonesia,-7.942,112.95,2329,Stratovolcano,Historical,,2,,
2004,,,Manam,Papua New Guinea,-4.1,145.061,1807,Stratovolcano,Historical,5,4,,
2005,,,Manam,Papua New Guinea,-4.1,145.061,1807,Stratovolcano,Historical,1,4,,
2005,,,Santa Ana,El Salvador,13.853,-89.63,2365,Stratovolcano,Historical,2,3,,
2005,,,Karthala,Comoros,-11.75,43.38,2361,Shield volcano,Historical,,,,
2006,,,Raoul Island,New Zealand,-29.27,-177.92,516,Stratovolcano,Historical,1,,,
2006,TSU,,Soufriere Hills,Montserrat,16.72,-62.18,915,Stratovolcano,Historical,,2,,
2006,,,Bulusan,Philippines,12.77,124.05,1565,Stratovolcano,Historical,1,2,,
2006,,,Merapi,Indonesia,-7.542,110.442,2947,Stratovolcano,Historical,2,1,,
2006,,,Tungurahua,Ecuador,-1.467,-78.442,5023,Stratovolcano,Historical,1,3,,
2006,,,Tungurahua,Ecuador,-1.467,-78.442,5023,Stratovolcano,Historical,6,3,,
2006,,,Mayon,Philippines,13.257,123.685,2462,Stratovolcano,Historical,1266,1,,
2007,,,Manam,Papua New Guinea,-4.1,145.061,1807,Stratovolcano,Historical,4,4,,
2007,,,Huila,Colombia,2.92,-76.05,5365,Stratovolcano,Historical,,,,
2007,,,Salak,Indonesia,-6.72,106.73,2211,Stratovolcano,Historical,6,,,
2007,,,Tair,Yemen,15.7,41.742,244,Stratovolcano,Historical,7,,,
2008,,,Chaiten,Chile,-42.833,-72.646,962,Caldera,Holocene,1,,,
2008,TSU,,Kasatochi,United States,52.18,-175.5,314,Stratovolcano,Historical,,3,,
2008,,,Tungurahua,Ecuador,-1.467,-78.442,5023,Stratovolcano,Historical,2,3,,
2008,,,Huila,Colombia,2.92,-76.05,5365,Stratovolcano,Historical,10,,,
2009,,,Redoubt,United States,60.48,-152.75,3108,Stratovolcano,Historical,,,,
2009,,,Kilauea,United States,19.425,-155.292,1222,Shield volcano,Historical,,,,
2010,,,Tungurahua,Ecuador,-1.467,-78.442,5023,Stratovolcano,Historical,,3,,
2010,,,Eyjafjallajokull,Iceland,63.63,-19.62,1666,Stratovolcano,Historical,2,2,,
2010,,,Pacaya,Guatemala,14.381,-90.601,2552,Complex volcano,Historical,1,1,,
2010,TSU,EQ,Sarigan,United States,16.708,145.78,538,Stratovolcano,Holocene,,,,
2010,,,Karangetang [Api Siau],Indonesia,2.78,125.48,1784,Stratovolcano,Historical,4,3,,
2010,,,Sinabung,Indonesia,3.17,98.392,2460,Stratovolcano,Holocene,2,,,
2010,,,Merapi,Indonesia,-7.542,110.442,2947,Stratovolcano,Historical,367,,,
2010,,,Tungurahua,Ecuador,-1.467,-78.442,5023,Stratovolcano,Historical,,3,,
2010,,,Tengger Caldera,Indonesia,-7.942,112.95,2329,Stratovolcano,Historical,,,,
2011,,,Merapi,Indonesia,-7.542,110.442,2947,Stratovolcano,Historical,1,,,
2011,,,Kirishima,Japan,31.93,130.87,1700,Shield volcano,Historical,,,,
2011,,,Bulusan,Philippines,12.77,124.05,1565,Stratovolcano,Historical,1,2,,
2011,,,Karangetang [Api Siau],Indonesia,2.78,125.48,1784,Stratovolcano,Historical,,,,
2011,,,Tungurahua,Ecuador,-1.467,-78.442,5023,Stratovolcano,Historical,,4,,
2011,,,Puyehue,Chile,-40.59,-72.117,2236,Stratovolcano,Holocene,,4,,
2011,,,Nabro,Eritrea,13.37,41.7,2218,Stratovolcano,Holocene,31,3,,
2011,,,Katla,Iceland,63.63,-19.05,1512,Subglacial volcano,Historical,,,,
2011,,,Lokon-Empung,Indonesia,1.358,124.792,1580,Stratovolcano,Historical,1,,,
2011,,,Gamalama,Indonesia,.8,127.325,1715,Stratovolcano,Historical,4,3,,
2012,,,Kilauea,United States,19.425,-155.292,1222,Shield volcano,Historical,,,,
2012,,,Kilauea,United States,19.425,-155.292,1222,Shield volcano,Historical,,,,
2012,,,Tolbachik,Russia,55.83,160.33,3682,Shield volcano,Historical,,,,
2013,,,Merapi,Indonesia,-7.542,110.442,2947,Stratovolcano,Historical,1,,,
2013,,,Paluweh,Indonesia,-8.32,121.708,875,Stratovolcano,Historical,,,,
2013,,,Mayon,Philippines,13.257,123.685,2462,Stratovolcano,Historical,5,,,
2013,,,Paluweh,Indonesia,-8.32,121.708,875,Stratovolcano,Historical,5,3,,
2013,,,Ubinas,Peru,-16.355,-70.903,5672,Stratovolcano,Historical,,,,
2013,,,Sakura-jima,Japan,31.58,130.67,1117,Stratovolcano,Historical,,,,
2013,,,Sinabung,Indonesia,3.17,98.392,2460,Stratovolcano,Holocene,,2,,
2013,,,Okataina,New Zealand,-38.12,176.5,1111,Lava dome,Historical,1,,,
2014,,,Sinabung,Indonesia,3.17,98.392,2460,Stratovolcano,Holocene,17,,,
2014,,,Kelut,Indonesia,-7.93,112.308,1731,Stratovolcano,Historical,7,,,
2014,,,On-take,Japan,35.9,137.48,3063,Complex volcano,Historical,55,3,,
2014,,,Kilauea,United States,19.425,-155.292,1222,Shield volcano,Historical,,,,
2014,,,Fogo,Cape Verde,14.95,-24.35,2829,Stratovolcano,Historical,,,,
2014,,,Gamalama,Indonesia,.8,127.325,1715,Stratovolcano,Historical,1,,,
2015,,,Sinabung,Indonesia,3.17,98.392,2460,Stratovolcano,Holocene,,,,
2015,,,Calbuco,Chile,-41.326,-72.614,2003,Stratovolcano,Historical,,,,
2015,,,Karangetang [Api Siau],Indonesia,2.78,125.48,1784,Stratovolcano,Historical,,,,
2015,,,Manam,Papua New Guinea,-4.1,145.061,1807,Stratovolcano,Historical,,2,,
2015,,,Sinabung,Indonesia,3.17,98.392,2460,Stratovolcano,Holocene,1,,,
2015,,,Okataina,New Zealand,-38.12,176.5,1111,Lava dome,Historical,1,,,
2016,,,Sinabung,Indonesia,3.17,98.392,2460,Stratovolcano,Holocene,1,,,
2016,,,Sinabung,Indonesia,3.17,98.392,2460,Stratovolcano,Holocene,7,,,
2016,,,Yellowstone,United States,44.43,-110.67,2805,Caldera,Tephrochronology,1,,,
2016,,,Rinjani,Indonesia,-8.42,116.47,3726,Stratovolcano,Historical,,,,
2016,,,Aso,Japan,32.88,131.1,1592,Caldera,Historical,,,,
2017,,,Etna,Italy,37.734,15.004,3350,Stratovolcano,Historical,,,,
2017,,,Sinabung,Indonesia,3.17,98.392,2460,Stratovolcano,Holocene,,2,,
2017,,,Fuego,Guatemala,14.473,-90.88,3763,Stratovolcano,Historical,,2,,
2017,,,Dieng Volc Complex,Indonesia,-7.2,109.92,2565,Complex volcano,Historical,8,,,
2017,,,Campi Flegrei,Italy,40.827,14.139,458,Caldera,Historical,3,,,
2017,,,Aoba,Vanuatu,-15.4,167.83,1496,Shield volcano,Historical,,,,
2017,,,Merapi,Indonesia,-7.542,110.442,2947,Stratovolcano,Historical,8,,,
2017,,,Sinabung,Indonesia,3.17,98.392,2460,Stratovolcano,Holocene,,,,
2018,,,Kadovar,Papua New Guinea,-3.62,144.62,365,Stratovolcano,Holocene,,,,
2018,,,Mayon,Philippines,13.257,123.685,2462,Stratovolcano,Historical,,,,
2018,,,Kusatsu-Shirane,Japan,36.62,138.55,2176,Stratovolcano,Historical,1,,,
2018,,,Kilauea,United States,19.425,-155.292,1222,Shield volcano,Historical,1,1,,
2018,TSU,,Kadovar,Papua New Guinea,-3.62,144.62,365,Stratovolcano,Holocene,,,,
2018,,,Ijen,Indonesia,-8.058,114.242,2799,Stratovolcano,Historical,,,,
2018,TSU,EQ,Kilauea,United States,19.425,-155.292,1222,Shield volcano,Historical,,1,,
2018,,,Aoba,Vanuatu,-15.4,167.83,1496,Shield volcano,Historical,4,3,,
